Date,Description,Amount
8/1/2022,ATH MOVIL 0209 ON 07/30/22,-455
8/1/2022,TELEPAGO MASTER CARD BANCO POPULAR,-2500
8/1/2022,TELEPAGO MASTER CARD BANCO POPULAR,-1000
8/3/2022,FID INST GUAR NA PAYMENT,250
8/5/2022,LINCOLN NATLIFE PREMPAYMNT,-500
8/8/2022,"TRIPLE S SALUD, HCCLAIMPMT",359.55
8/8/2022,DISCOVER E-PAYMENT,-842.36
8/9/2022,CHEQUE NUMERO 1818,-209.36
8/10/2022,ATH WITHDRAWAL BPPR AEROPUER CAROLINA PR ON 08/10/22,-2696.75
8/11/2022,"TRIPLE S VITAL, HCCLAIMPMT",155.7
8/11/2022,Orlando Util Com PAYMENT,-84.24
8/15/2022,"TRIPLE S SALUD, HCCLAIMPMT",135.9
8/15/2022,TELEPAGO MASTER CARD BANCO POPULAR,-15000
8/15/2022,TELEPAGO MASTER CARD BANCO POPULAR,-1000
8/15/2022,DISCOVER E-PAYMENT,-413.88
8/18/2022,"TRIPLE S VITAL, HCCLAIMPMT",412.54
8/18/2022,ATH MOVIL 9999 ON 08/18/22,-280
8/18/2022,ATH MOVIL 3125 ON 08/18/22,-500
8/19/2022,ATH MOVIL 3125 ON 08/19/22,-90
8/19/2022,DISCOVER E-PAYMENT,-9330.3
8/22/2022,DEPOSITO,105000
8/22/2022,"TRIPLE S SALUD, HCCLAIMPMT",35.77
8/22/2022,ATH MOVIL 5008 ON 08/21/22,-200
8/23/2022,AM NAT INS CO ANICO PYMT,-1683.34
8/25/2022,"TRIPLE S VITAL, HCCLAIMPMT",618.21
8/25/2022,ATH MOVIL 3125 ON 08/24/22,-335
8/26/2022,DEPOSITO,20
8/29/2022,"TRIPLE S SALUD, HCCLAIMPMT",312.52
8/30/2022,DISCOVER CASH AWARD,9.66
8/30/2022,CHEQUE NUMERO 1819,-140000
8/31/2022,INTERESES PAGADOS,6.86
9/1/2022,"TRIPLE S VITAL, HCCLAIMPMT",56.88
9/6/2022,FID INST GUAR NA PAYMENT,250
9/6/2022,"TRIPLE S SALUD, HCCLAIMPMT",48.51
9/8/2022,DEPOSITO CHEQUE ATH,2500
9/8/2022,LINCOLN NATLIFE PREMPAYMNT,-500
9/9/2022,"TRIPLE S VITAL, HCCLAIMPMT",105.1
9/9/2022,Orlando Util Com PAYMENT,-67.17
9/12/2022,DISCOVER E-PAYMENT,-312.26
9/14/2022,ATH MOVIL 3125 ON 09/13/22,-235
9/15/2022,ATH MOVIL 1278 ON 09/15/22,-5
9/15/2022,CHEQUE NUMERO 1825,-3820
9/16/2022,ATH MOVIL 1278 ON 09/15/22,-495
9/19/2022,"TRIPLE S SALUD, HCCLAIMPMT",85.95
9/21/2022,AM NAT INS CO ANICO PYMT,-1683.34
9/22/2022,ATH MOVIL 6094 ON 09/22/22,30
9/22/2022,"TRIPLE S VITAL, HCCLAIMPMT",178.67
9/22/2022,CHEQUE NUMERO 1826,-120
9/26/2022,ATH MOVIL 8333 ON 09/26/22,100
9/26/2022,ATH MOVIL 3628 ON 09/26/22,-260
9/26/2022,TELEPAGO MASTER CARD BANCO POPULAR,-225
9/27/2022,TELEPAGO MASTER CARD BANCO POPULAR,-47.4
9/28/2022,CHEQUE NUMERO 1820,-1835.49
9/28/2022,CHEQUE NUMERO 1821,-2000
9/29/2022,DEPOSITO,50000
9/29/2022,ATH WITHDRAWAL RETIRO ON 00/00/00,-8110
9/30/2022,INTERESES PAGADOS,1.42
10/3/2022,ATH MOVIL 9497 ON 09/30/22,5
10/3/2022,FID INST GUAR NA PAYMENT,250
10/3/2022,ATH MOVIL 3628 ON 10/01/22,-500
10/3/2022,ATH MOVIL 3628 ON 10/02/22,-500
10/3/2022,ATH MOVIL 3628 ON 10/03/22,-120
10/3/2022,DISCOVER E-PAYMENT,-206.05
10/3/2022,DISCOVER E-PAYMENT,-1051.76
10/5/2022,ATH MOVIL 0779 ON 10/05/22,50
10/5/2022,LINCOLN NATLIFE PREMPAYMNT,-500
10/6/2022,"TRIPLE S VITAL, HCCLAIMPMT",819.68
10/6/2022,DISCOVER E-PAYMENT,-69.51
10/7/2022,CHEQUE NUMERO 1822,-178.4
10/11/2022,ATH MOVIL 0036 ON 10/08/22,-60
10/11/2022,ATH MOVIL 2004 ON 10/09/22,-80
10/11/2022,DISCOVER E-PAYMENT,-14.22
10/12/2022,ATH MOVIL 3125 ON 10/11/22,-150
10/12/2022,Orlando Util Com PAYMENT,-124.32
10/13/2022,ATH MOVIL 4313 ON 10/13/22,200
10/13/2022,"TRIPLE S VITAL, HCCLAIMPMT",55.98
10/14/2022,ATH MOVIL 0779 ON 10/14/22,50
10/17/2022,DEPOSITO CHEQUE ATH,147
10/17/2022,"EFT DEPOSIT TRIPLE S SALUD, HCCLAIMPMT 1598749483",253.39
10/20/2022,"EFT DEPOSIT TRIPLE S VITAL, HCCLAIMPMT 1598749483",123.47
10/21/2022,EFT PMT AM NAT INS CO ANICO PYMT 01UIP35345,-1683.34
10/27/2022,"EFT DEPOSIT TRIPLE S VITAL, HCCLAIMPMT 1598749483",149.67
10/28/2022,ATH MOVIL 4313 ON 10/28/22,389
10/28/2022,DEPOSITO,90000
10/31/2022,INTERESES PAGADOS,4.32
11/1/2022,CHEQUE NUMERO 1830,-23550
11/2/2022,EFT DEPOSIT FID INST GUAR NA PAYMENT 584934273,250
11/2/2022,ATH MOVIL 9999 ON 11/01/22,-191
11/2/2022,EFT PMT UNIVERSAL INSURA UNIVERSAL 1401095548,-179
11/3/2022,CHEQUE NUMERO 1823,-2750
11/4/2022,DEPOSITO,90000
11/4/2022,"EFT DEPOSIT TRIPLE S VITAL, HCCLAIMPMT 1598749483",191.4
11/4/2022,CHEQUE NUMERO 1831,-212.92
11/7/2022,EFT PMT LINCOLN NATLIFE PREMPAYMNT 506101525,-500
11/7/2022,EFT PMT DISCOVER E-PAYMENT 1332,-270.34
11/7/2022,CHEQUE NUMERO 1833,-100000
11/8/2022,ATH MOVIL 2226 ON 11/08/22,20
11/8/2022,EFT PMT EASTERN AMERICA EASTERN 1401248398,-271
11/8/2022,CHEQUE NUMERO 1832,-634
11/10/2022,"EFT DEPOSIT TRIPLE S VITAL, HCCLAIMPMT 1598749483",425.36
11/10/2022,EFT PMT Orlando Util Com PAYMENT 9150157155,-110.47
11/14/2022,DEPOSITO,9900
11/14/2022,"EFT DEPOSIT TRIPLE S SALUD, HCCLAIMPMT 1598749483",189.09
11/14/2022,CHEQUE NUMERO 1837,-90000
11/14/2022,TELEPAGO LUMA ENERGY ON BEHALF AEE,-536.54
11/15/2022,DEPOSITO,9800
11/15/2022,EFT DEPOSIT CHASE CREDIT CRD RWRD RDM CA6QYEOAHDYRUSY,1946.42
11/18/2022,ATH WITHDRAWAL 846 BPPR AEROPUER ON 11/18/22 CAROLINA PR,-500
11/18/2022,ATH WITHDRAWAL 4107 BPPR AEROPUER ON 11/18/22 CAROLINA PR,-2726.5
11/21/2022,CHEQUE NUMERO 1840,-210
11/22/2022,EFT PMT AM NAT INS CO ANICO PYMT 01UIP35345,-1683.34
11/22/2022,CHEQUE NUMERO 1838,-120
11/25/2022,"EFT DEPOSIT TRIPLE S VITAL, HCCLAIMPMT 1598749483",133.51
11/25/2022,"EFT DEPOSIT TRIPLE S SALUD, HCCLAIMPMT 1598749483",33.07
11/25/2022,CHEQUE NUMERO 1841,-300
11/29/2022,ATH MOVIL 3125 ON 11/29/22,-165
11/30/2022,DEPOSITO,1200
11/30/2022,TELEPAGO MASTER CARD BANCO POPULAR,-1800
11/30/2022,TELEPAGO MASTER CARD BANCO POPULAR,-300
11/30/2022,INTERESES PAGADOS,4.85
12/2/2022,EFT DEPOSIT FID INST GUAR NA PAYMENT 584934273,250
12/5/2022,ATH MOVIL 8866 ON 12/05/22,120
12/5/2022,"EFT DEPOSIT TRIPLE S VITAL, HCCLAIMPMT 1598749483",286.78
12/7/2022,ATH MOVIL 0036 ON 12/06/22,-60
12/7/2022,EFT PMT LINCOLN NATLIFE PREMPAYMNT 506101525,-500
12/7/2022,EFT PMT DISCOVER E-PAYMENT 1332,-2386.35
12/7/2022,EFT PMT DISCOVER E-PAYMENT 1036,-528.1
12/7/2022,CHEQUE NUMERO 1842,-15000
12/9/2022,EFT PMT Orlando Util Com PAYMENT 9150157155,-76.07
12/9/2022,CHEQUE NUMERO 1846,-3077.64
12/9/2022,CHEQUE NUMERO 1847,-206.82
12/15/2022,ATH MOVIL 4247 ON 12/15/22,38
12/15/2022,"EFT DEPOSIT TRIPLE S VITAL, HCCLAIMPMT 1598749483",64.75
12/15/2022,ATH MOVIL 7663 ON 12/14/22,-375
12/15/2022,CHEQUE NUMERO 1849,-500
12/16/2022,TELEPAGO TRANSFERENCIA DE FONDOS,5000
12/16/2022,TELEPAGO TRANSFERENCIA DE FONDOS,4000
12/16/2022,CHEQUE NUMERO 1850,-3333.29
12/19/2022,DEPOSITO,16358.49
12/19/2022,DEPOSITO,2000
12/19/2022,DEPOSITO,280
12/19/2022,CHEQUE NUMERO 1848,-6975
12/19/2022,CHEQUE NUMERO 1843,-325
12/19/2022,CHEQUE NUMERO 1844,-325
12/19/2022,CHEQUE NUMERO 1845,-325
12/20/2022,EFT DEPOSIT CHASE CREDIT CRD RWRD RDM CA6QYEOASK6XM2Q,591.23
12/20/2022,ATH MOVIL 5008 ON 12/20/22,-200
12/21/2022,EFT PMT AM NAT INS CO ANICO PYMT 01UIP35345,-1683.34
12/22/2022,DEPOSITO,105000
12/22/2022,DEPOSITO,40000
12/22/2022,DEPOSITO,9.36
12/22/2022,ATH MOVIL 0209 ON 12/22/22,-455
12/22/2022,CHEQUE NUMERO 1852,-16358.49
12/23/2022,EFT DEPOSIT DISCOVER CASH AWARD 020418757,5.38
12/27/2022,"EFT DEPOSIT TRIPLE S SALUD, HCCLAIMPMT 1598749483",33.52
12/29/2022,EFT DEPOSIT CHASE CREDIT CRD RWRD RDM CA6QYEOAVIHWJBE,389.13
12/30/2022,"EFT DEPOSIT TRIPLE S VITAL, HCCLAIMPMT 1598749483",342.87
12/30/2022,INTERESES PAGADOS,3.73
1/3/2023,"EFT DEPOSIT TRIPLE S SALUD, HCCLAIMPMT 1598749483",75.06
1/3/2023,TELEPAGO MASTER CARD BANCO POPULAR,-3868.25
1/4/2023,EFT DEPOSIT FID INST GUAR NA PAYMENT 584934273,250
1/5/2023,EFT PMT LINCOLN NATLIFE PREMPAYMNT 506101525,-500
1/6/2023,"EFT DEPOSIT TRIPLE S VITAL, HCCLAIMPMT 1598749483",240.45
1/6/2023,TELEPAGO MASTER CARD BANCO POPULAR,-368.98
1/6/2023,TELEPAGO MASTER CARD BANCO POPULAR,-2042.18
1/9/2023,DEPOSITO,11.64
1/9/2023,EFT PMT DISCOVER E-PAYMENT 1332,-147.59
1/10/2023,CHEQUE NUMERO 1853,-1143
1/11/2023,EFT PMT Orlando Util Com PAYMENT 9150157155,-136.66
1/12/2023,"EFT DEPOSIT TRIPLE S VITAL, HCCLAIMPMT 1598749483",224.5
1/12/2023,EFT PMT TOYOTA ACH RTL 01102023 NHXWK08FIFAQA1R,-1558.23
1/23/2023,"EFT DEPOSIT TRIPLE S SALUD, HCCLAIMPMT 1598749483",53.5
1/23/2023,ATH MOVIL 0613 ON 01/20/23,-94
1/23/2023,TELEPAGO MASTER CARD BANCO POPULAR,-1550
1/23/2023,EFT PMT AM NAT INS CO ANICO PYMT 01UIP35345,-1683.34
1/23/2023,CHEQUE NUMERO 1855,-178.4
1/24/2023,EFT PMT CRATEBARREL CC CRATE EPAY 2309389256,-262.24
1/24/2023,EFT PMT DISCOVER E-PAYMENT 1332,-405.79
1/25/2023,EFT PMT PNP BILLPAYMENT 012323EK 128178461-6206,-7085.15
1/26/2023,ATH MOVIL 1517 ON 01/26/23,90
1/27/2023,ATH MOVIL 5261 ON 01/26/23,-60
1/30/2023,EFT PMT AMEX EPAYMENT ACH PMT W6466,-700.68
1/31/2023,INTERESES PAGADOS,9.87
2/2/2023,EFT DEPOSIT FID INST GUAR NA PAYMENT 584934273,250
2/2/2023,TELEPAGO MASTER CARD BANCO POPULAR,-315
2/2/2023,TELEPAGO MASTER CARD BANCO POPULAR,-220.87
2/3/2023,ATH MOVIL 8790 ON 02/02/23,-110
2/3/2023,EFT PMT PENTAGON FEDERAL TRNSFR DR 000007910495014,-50000
2/3/2023,CHEQUE NUMERO 1854,-96.91
2/6/2023,EFT PMT DISCOVER E-PAYMENT 1332,-155.79
2/7/2023,EFT DEPOSIT CHASE CREDIT CRD RWRD RDM CA6QYEOAB4AELAE,391.27
2/7/2023,EFT PMT LINCOLN NATLIFE PREMPAYMNT 506101525,-500
2/7/2023,CHEQUE NUMERO 1856,-160
2/8/2023,EFT PMT TOYOTA FINANCIAL RETAIL PAY 70893670020723,-1558.23
2/8/2023,EFT PMT PENTAGON FEDERAL TRNSFR DR 000007955779017,-49999
2/9/2023,EFT PMT Orlando Util Com PAYMENT 9150157155,-106.94
2/9/2023,EFT PMT CPO 866-815-3784 PHARMACY 128473001-12847,-59.99
2/10/2023,TELEPAGO MASTER CARD BANCO POPULAR,-440
2/15/2023,ATH MOVIL 1784 ON 02/15/23,345
2/16/2023,"EFT DEPOSIT TRIPLE S VITAL, HCCLAIMPMT 1598749483",214.81
2/17/2023,TELEPAGO MASTER CARD BANCO POPULAR,-6355.76
2/17/2023,TELEPAGO MASTER CARD BANCO POPULAR,-51.64
2/21/2023,DEPOSITO,5000
2/21/2023,EFT DEPOSIT PENTAGON FEDERAL TRNSFR CR 000007955779017,19999
2/21/2023,"EFT DEPOSIT TRIPLE S SALUD, HCCLAIMPMT 1598749483",640
2/21/2023,EFT PMT AM NAT INS CO ANICO PYMT 01UIP35345,-1683.34
2/21/2023,CHEQUE NUMERO 1875,-5000
2/22/2023,TELEPAGO MASTER CARD BANCO POPULAR,-9000
2/22/2023,TELEPAGO MASTER CARD BANCO POPULAR,-7329
2/22/2023,TELEPAGO LUMA ENERGY ON BEHALF AEE,-4
2/23/2023,ATH MOVIL 6405 ON 02/23/23,-155
2/23/2023,EFT PMT BARCLAYCARD US CREDITCARD 970792795,-5543.9
2/24/2023,CHEQUE NUMERO 1876,-725
2/27/2023,DEPOSITO,100000
2/27/2023,DEPOSITO,2880
2/27/2023,EFT PMT BARCLAYCARD US CREDITCARD 971778214,-1912.19
2/28/2023,ATH MOVIL 8833 ON 02/27/23,200
2/28/2023,INTERESES PAGADOS,2.96
3/1/2023,EFT PMT BARCLAYCARD US CREDITCARD 972706674,-3931.2
3/1/2023,CHEQUE NUMERO 1857,-184.05
3/3/2023,EFT DEPOSIT FID INST GUAR NA PAYMENT 584934273,250
3/3/2023,"EFT DEPOSIT TRIPLE S VITAL, HCCLAIMPMT 1598749483",72.89
3/6/2023,EFT DEPOSIT JOSE LOPEZ E-PAYROLL 1000,32499
3/7/2023,EFT PMT LINCOLN NATLIFE PREMPAYMNT 506101525,-500
3/9/2023,TELEPAGO MACY S - ALL DIVISIONS,-282.35
3/9/2023,TELEPAGO MASTER CARD BANCO POPULAR,-800
3/9/2023,TELEPAGO MASTER CARD BANCO POPULAR,-720
3/9/2023,TELEPAGO AUTORIDAD ACUEDUCTOS ALCANTAR,-28.15
3/9/2023,EFT PMT CRATEBARREL CC CRATE EPAY 2351329242,-202.65
3/9/2023,EFT PMT DISCOVER E-PAYMENT 1332,-314.74
3/13/2023,"EFT DEPOSIT TRIPLE S SALUD, HCCLAIMPMT 1598749483",19.5
3/13/2023,EFT PMT BARCLAYCARD US CREDITCARD 977242277,-1195.72
3/13/2023,EFT PMT DISCOVER E-PAYMENT 1036,-376.68
3/14/2023,ATH MOVIL 8910 ON 03/14/23,-60
3/14/2023,EFT PMT TOYOTA ACH RTL 03132023 H9AONVAWIUZOJGB,-1558.23
3/14/2023,EFT PMT PENTAGON FEDERAL TRNSFR DR 000007910495014,-49800
3/15/2023,EFT DEPOSIT CHASE CREDIT CRD RWRD RDM CA6QYEOANPH4ZGQ,538.3
3/15/2023,EFT PMT Orlando Util Com PAYMENT 9150157155,-96.87
3/15/2023,EFT PMT TOYOTA ACH RTL 03132023 OPIBP3DBTM1KDLU,-1558.23
3/16/2023,EFT DEPOSIT Grow Financial ACCTVERIFY 2023387,0.55
3/16/2023,EFT DEPOSIT Grow Financial ACCTVERIFY 2023388,0.24
3/16/2023,EFT PMT Grow Financial ACCTVERIFY 2023389,-0.79
3/17/2023,CHEQUE NUMERO 1858,-178.4
3/20/2023,EFT PMT BARCLAYCARD US CREDITCARD 980243086,-4782.58
3/21/2023,EFT PMT BARCLAYCARD US CREDITCARD 980439683,-1203.05
3/21/2023,EFT PMT AM NAT INS CO ANICO PYMT 01UIP35345,-1683.34
3/23/2023,EFT PMT PENTAGON FEDERAL TRNSFR DR 000007910495014,-40000
3/24/2023,DEPOSITO,40000
3/24/2023,EFT PMT DISCOVER E-PAYMENT 1332,-74.09
3/27/2023,EFT DEPOSIT CHASE CREDIT CRD RWRD RDM CA6QYEOAQTKR6UY,612.25
3/27/2023,EFT PMT Grow Financial Grow OLB 2350907 2039081,-10000
3/28/2023,EFT PMT Grow Financial Grow OLB 2350907 2041523,-1433.22
3/28/2023,EFT PMT UNIVERSAL LIFE 046DISBURS J6PP1KFLX0PC5,-5000
3/29/2023,"EFT DEPOSIT TRIPLE S VITAL, HCCLAIMPMT 1598749483",236.76
3/30/2023,EFT PMT Grow Financial Grow OLB 2350907 2044209,-10000
3/30/2023,EFT PMT AMEX EPAYMENT ACH PMT W3124,-102.52
3/31/2023,INTERESES PAGADOS,6.85
4/3/2023,EFT DEPOSIT FID INST GUAR NA PAYMENT XXXXXXXXXXX4273,250
4/3/2023,"EFT DEPOSIT TRIPLE S SALUD, HCCLAIMPMT XXXXXXXXXXX9483",33
4/3/2023,EFT PMT BARCLAYCARD US CREDITCARD XXXXXXXXXXX4413,-2149.15
4/4/2023,EFT PMT Grow Financial Grow OLB XXXXXXXXXXX1155,-9998.88
4/5/2023,EFT PMT LINCOLN NATLIFE PREMPAYMNT XXXXXXXXXXX1525,-500
4/6/2023,"EFT DEPOSIT TRIPLE S VITAL, HCCLAIMPMT XXXXXXXXXXX9483",424.79
4/7/2023,EFT DEPOSIT Grow Financial Grow OLB XXXXXXXXXXX9176,9999.99
4/7/2023,EFT PMT BARCLAYCARD US CREDITCARD XXXXXXXXXXX4752,-3865.13
4/7/2023,EFT PMT DISCOVER E-PAYMENT XXXXXXXXXXX1332,-613.99
4/10/2023,CHEQUE NUMERO 1860,-4000
4/10/2023,CHEQUE NUMERO 1861,-6000
4/11/2023,CHEQUE NUMERO 1863,-3000
4/11/2023,CHEQUE NUMERO 1864,-600
4/11/2023,CHEQUE NUMERO 18624,-7000
4/12/2023,TELEPAGO MACY S - ALL DIVISIONS,-332.05
4/12/2023,EFT PMT Orlando Util Com PAYMENT XXXXXXXXXXX7155,-78.44
4/13/2023,"EFT DEPOSIT TRIPLE S VITAL, HCCLAIMPMT XXXXXXXXXXX9483",379.36
4/13/2023,ATH MOVIL 0036 ON 04/12/23,-60
4/13/2023,EFT PMT TOYOTA ACH RTL 04112023 XXXXXXXXXXXCUG4,-1558.23
4/13/2023,EFT PMT DISCOVER E-PAYMENT XXXXXXXXXXX1332,-171.65
4/14/2023,EFT PMT AMEX EPAYMENT ACH PMT XXXXXXXXXXX6262,-810.8
4/17/2023,ATH MOVIL 2019 ON 04/17/23,60
4/17/2023,DEPOSITO,90000
4/17/2023,DEPOSITO,10025
4/17/2023,"EFT DEPOSIT TRIPLE S SALUD, HCCLAIMPMT XXXXXXXXXXX9483",51.75
4/17/2023,ATH MOVIL 5008 ON 04/14/23,-200
4/17/2023,CHEQUE NUMERO 1865,-240
4/17/2023,CHEQUE NUMERO 1866,-9270
4/20/2023,"EFT DEPOSIT TRIPLE S VITAL, HCCLAIMPMT XXXXXXXXXXX9483",189.68
4/20/2023,ATH MOVIL 6405 ON 04/20/23,-160
4/20/2023,EFT PMT CRATEBARREL CC CRATE EPAY XXXXXXXXXXX0369,-20.85
4/20/2023,CHEQUE NUMERO 1869,-3000
4/21/2023,DEPOSITO,14.65
4/21/2023,EFT PMT AM NAT INS CO ANICO PYMT XXXXXXXXXXX5345,-1683.34
4/24/2023,"EFT DEPOSIT TRIPLE S SALUD, HCCLAIMPMT XXXXXXXXXXX9483",40.25
4/24/2023,TELEPAGO MASTER CARD BANCO POPULAR,-7922
4/24/2023,EFT PMT AMEX EPAYMENT ACH PMT XXXXXXXXXXX7054,-22.5
4/25/2023,EFT PMT US TREASURY IRS PAYMENT XXXXXXXXXXX1867,-255
4/25/2023,EFT PMT US TREASURY IRS PAYMENT XXXXXXXXXXX1868,-775
4/25/2023,EFT PMT USAA.COM PAYMNT CREDIT CRD XXXXXXXXXXX1997,-12915
4/25/2023,CHEQUE NUMERO 1873,-150
4/26/2023,EFT PMT TOYOTA ACH RTL 04242023 XXXXXXXXXXXW1AC,-1558.23
4/27/2023,"EFT DEPOSIT TRIPLE S VITAL, HCCLAIMPMT XXXXXXXXXXX9483",94.84
4/27/2023,ATH MOVIL 2422 ON 04/26/23,-40
4/27/2023,ATH MOVIL 2422 ON 04/26/23,-40
4/28/2023,INTERESES PAGADOS,7.9
5/1/2023,EFT DEPOSIT FID INST GUAR NA PAYMENT XXXXXXXXXXX4273,250
5/1/2023,CHEQUE NUMERO 1874,-197.05
5/3/2023,CHEQUE NUMERO 1872,-2000
5/4/2023,"EFT DEPOSIT TRIPLE S VITAL, HCCLAIMPMT XXXXXXXXXXX9483",102.64
5/5/2023,EFT PMT LINCOLN NATLIFE PREMPAYMNT XXXXXXXXXXX1525,-500
5/8/2023,DEPOSITO,60
5/8/2023,EFT PMT DISCOVER E-PAYMENT XXXXXXXXXXX1332,-729.63
5/8/2023,CHEQUE NUMERO 1877,-178.4
5/11/2023,"EFT DEPOSIT TRIPLE S VITAL, HCCLAIMPMT XXXXXXXXXXX9483",395.77
5/11/2023,EFT PMT Orlando Util Com PAYMENT XXXXXXXXXXX7155,-146.05
5/11/2023,EFT PMT BLOOMINGDALES ONLINE PMT XXXXXXXXXXX2845,-1089.14
5/12/2023,ATH MOVIL 6563 ON 05/11/23,-10
5/12/2023,EFT PMT TOYOTA ACH RTL 05112023 XXXXXXXXXXXTNNB,-1558.23
5/12/2023,EFT PMT BARCLAYCARD US CREDITCARD XXXXXXXXXXX2343,-1448.74
5/12/2023,CHEQUE NUMERO 1870,-150
5/22/2023,DEPOSITO,140000
5/22/2023,ATH MOVIL 8306 ON 05/21/23,-13.91
5/22/2023,EFT PMT BARCLAYCARD US CREDITCARD XXXXXXXXXXX3473,-3158.66
5/23/2023,EFT PMT AM NAT INS CO ANICO PYMT XXXXXXXXXXX5345,-1683.34
5/24/2023,CHEQUE NUMERO 1880,-8000
5/26/2023,EFT PMT PENTAGON FEDERAL TRNSFR DR XXXXXXXXXXX9017,-49995
5/30/2023,EFT DEPOSIT Grow Financial Grow OLB XXXXXXXXXXX2880,4000
5/30/2023,EFT DEPOSIT CHASE CREDIT CRD RWRD RDM XXXXXXXXXXXV2FI,2190.3
5/30/2023,EFT PMT TOYOTA ACH RTL 05262023 XXXXXXXXXXXYIOP,-1558.23
5/30/2023,EFT PMT DISCOVER E-PAYMENT XXXXXXXXXXX1332,-1010.61
5/30/2023,EFT PMT PENTAGON FEDERAL TRNSFR DR XXXXXXXXXXX1021,-10000
5/30/2023,EFT PMT PENTAGON FEDERAL TRNSFR DR XXXXXXXXXXX5014,-48950
5/30/2023,CHEQUE NUMERO 1881,-1130
5/31/2023,CHEQUE NUMERO 1878,-10500
5/31/2023,CHEQUE NUMERO 1879,-4000
5/31/2023,INTERESES PAGADOS,14.92
6/1/2023,EFT DEPOSIT FID INST GUAR NA PAYMENT XXXXXXXXXXX4273,250
6/1/2023,EFT PMT TOYOTA ACH RTL 05302023 XXXXXXXXXXXZFOS,-1558.23
6/2/2023,CHEQUE NUMERO 1882,-1485
6/5/2023,"EFT DEPOSIT TRIPLE S VITAL, HCCLAIMPMT XXXXXXXXXXX9483",683.42
6/5/2023,"EFT DEPOSIT TRIPLE S SALUD, HCCLAIMPMT XXXXXXXXXXX9483",68.6
6/5/2023,CHEQUE NUMERO 1886,-5580
6/7/2023,CHEQUE NUMERO 1887,-3500
6/7/2023,EFT PMT LINCOLN NATLIFE PREMPAYMNT XXXXXXXXXXX1525,-500
6/7/2023,CHEQUE NUMERO 1884,-3825
6/8/2023,"EFT DEPOSIT TRIPLE S VITAL, HCCLAIMPMT XXXXXXXXXXX9483",167.73
6/8/2023,CHEQUE NUMERO 1885,-8075
6/9/2023,EFT PMT Orlando Util Com PAYMENT XXXXXXXXXXX7155,-96.16
6/12/2023,"EFT DEPOSIT TRIPLE S SALUD, HCCLAIMPMT XXXXXXXXXXX9483",52.2
6/12/2023,CHEQUE NUMERO 1889,-15000
6/13/2023,EFT PMT USAA.COM PAYMNT CREDIT CRD XXXXXXXXXXX1997,-24156
6/14/2023,EFT PMT US TREASURY IRS PAYMENT XXXXXXXXXXX1888,-775
6/15/2023,"EFT DEPOSIT TRIPLE S VITAL, HCCLAIMPMT XXXXXXXXXXX9483",72.89
6/15/2023,CHEQUE NUMERO 1890,-160
6/20/2023,CHEQUE NUMERO 1893,-1250
6/21/2023,DEPOSITO,105000
6/21/2023,DEPOSITO,35.49
6/21/2023,TELEPAGO MASTER CARD BANCO POPULAR,-1300
6/21/2023,EFT PMT BARCLAYCARD US CREDITCARD XXXXXXXXXXX3669,-3830.08
6/21/2023,EFT PMT AMEX EPAYMENT ACH PMT XXXXXXXXXXX1436,-108.35
6/21/2023,EFT PMT AM NAT INS CO ANICO PYMT XXXXXXXXXXX5345,-1683.34
6/22/2023,ATH MOVIL 2938 ON 06/22/23,50
6/22/2023,ATH MOVIL 3415 ON 06/22/23,40
6/22/2023,EFT PMT DISCOVER E-PAYMENT XXXXXXXXXXX1332,-1196.97
6/23/2023,CHEQUE NUMERO 1891,-3605.88
6/28/2023,"EFT DEPOSIT TRIPLE S VITAL, HCCLAIMPMT XXXXXXXXXXX9483",420.44
6/30/2023,INTERESES PAGADOS,9.27
7/3/2023,EFT DEPOSIT FID INST GUAR NA PAYMENT XXXXXXXXXXX4273,250
7/5/2023,EFT PMT DISCOVER E-PAYMENT XXXXXXXXXXX1332,-764.32
7/6/2023,CHEQUE NUMERO 1892,-1950
7/7/2023,EFT PMT LINCOLN NATLIFE PREMPAYMNT XXXXXXXXXXX1525,-500
7/7/2023,EFT PMT BARCLAYCARD US CREDITCARD XXXXXXXXXXX9443,-895.89
7/10/2023,"EFT DEPOSIT TRIPLE S SALUD, HCCLAIMPMT XXXXXXXXXXX9483",53
7/10/2023,CHEQUE NUMERO 1895,-1695
7/10/2023,EFT PMT AMEX EPAYMENT ACH PMT XXXXXXXXXXX7518,-1902.45
7/11/2023,EFT PMT TOYOTA ACH RTL 07102023 XXXXXXXXXXX680B,-1558.23
7/11/2023,EFT PMT USAA.COM PAYMNT CREDIT CRD XXXXXXXXXXX1997,-710.82
7/12/2023,TELEPAGO MASTER CARD BANCO POPULAR,-9470
7/12/2023,EFT PMT TOYOTA ACH RTL 07102023 XXXXXXXXXXXCGOZ,-2626.78
7/12/2023,EFT PMT Orlando Util Com PAYMENT XXXXXXXXXXX7155,-120.66
7/13/2023,"EFT DEPOSIT TRIPLE S VITAL, HCCLAIMPMT XXXXXXXXXXX9483",127.94
7/17/2023,DEPOSITO,105000
7/17/2023,"EFT DEPOSIT TRIPLE S SALUD, HCCLAIMPMT XXXXXXXXXXX9483",17
7/18/2023,EFT DEPOSIT CHASE CREDIT CRD RWRD RDM XXXXXXXXXXX7SQM,780.83
7/18/2023,CHEQUE NUMERO 1896,-1000
7/19/2023,ATH MOVIL 6563 ON 07/18/23,-275
7/19/2023,EFT PMT BARCLAYCARD US CREDITCARD XXXXXXXXXXX4359,-5103.63
7/21/2023,ATH MOVIL 5865 ON 07/20/23,16
7/21/2023,EFT PMT AM NAT INS CO ANICO PYMT XXXXXXXXXXX5345,-1683.34
7/21/2023,EFT PMT PENTAGON FEDERAL TRNSFR DR XXXXXXXXXXX5014,-49998
7/21/2023,CHEQUE NUMERO 1897,-178.4
7/24/2023,EFT PMT PENTAGON FEDERAL TRNSFR DR XXXXXXXXXXX5014,-49888
7/26/2023,EFT PMT PENTAGON FEDERAL TRNSFR DR XXXXXXXXXXX5014,-49567
7/31/2023,ATH MOVIL 9046 ON 07/31/23,175
7/31/2023,EFT DEPOSIT DISCOVER CASH AWARD XXXXXXXXXXX6509,58.49
7/31/2023,EFT DEPOSIT DISCOVER CASH AWARD XXXXXXXXXXX6508,19.58
7/31/2023,INTERESES PAGADOS,13.98